setting_id,dgp_id,dgp_label,p,beta_scale,gamma,kappa,cens_target,tau_quantile,method_id,method_label,n,test_frac,alpha,B,n_rep,tau_mean,coverage_mean,coverage_sd,length_mean,length_sd,censor_rate_emp_mean,admin_mass_emp_mean,tcrit,coverage_se,length_se,coverage_ci_low,coverage_ci_high,length_ci_low,length_ci_high,target_coverage,abs_cov_error
s001,base,Base Weibull PH,3,0.3,1.2,1,0.1,0.75,cp_cox_full,CP + Cox,2000,0.3,0.1,1500,30,1.3736700908000794,0.8994444444444445,0.012657689902402788,1.2007815893839557,0.03737665136512561,0.3065,0.20495238095238094,2.0452296421327034,0.0023109674284837903,0.006824011692228519,0.8947179853577063,0.9041709035311827,1.1868249183927497,1.2147382603751617,0.9,5.555555555555314e-4
s002,base,Base Weibull PH,3,0.3,1.2,1,0.1,0.9,cp_cox_full,CP + Cox,2000,0.3,0.1,1500,30,2.2857058984023144,0.9003333333333333,0.018353698198125972,2.115697459246773,0.07999360314830346,0.174,0.07654761904761904,2.0452296421327034,0.003350911505585172,0.014604766966814026,0.893479949793947,0.9071867168727197,2.0858273569298045,2.1455675615637415,0.9,3.333333333332966e-4
s003,base,Base Weibull PH,3,0.3,1.2,1,0.1,0.97,cp_cox_full,CP + Cox,2000,0.3,0.1,1500,30,3.633423069754386,0.8951111111111111,0.014141684079624963,3.4607852770625493,0.17335123966258478,0.12088095238095238,0.019642857142857142,2.0452296421327034,0.0025819064571740917,0.03164946144489397,0.8898305194916848,0.9003917027305374,3.396054860357916,3.5255156937671828,0.9,0.004888888888888943
s004,base,Base Weibull PH,3,0.3,1.2,1,0.2,0.75,cp_cox_full,CP + Cox,2000,0.3,0.1,1500,30,1.3781838295662683,0.902,0.017394454570593163,1.2071283294860387,0.03189524633003463,0.3635,0.16557142857142856,2.0452296421327034,0.0031757783812709044,0.0058232486307146095,0.8955048039177805,0.9084951960822195,1.1952184487729924,1.2190382101990849,0.9,0.0020000000000000018
s005,base,Base Weibull PH,3,0.3,1.2,1,0.2,0.9,cp_cox_full,CP + Cox,2000,0.3,0.1,1500,30,2.287214895219812,0.8980555555555556,0.01888705760787037,2.1167605106047014,0.0739990522162359,0.25547619047619047,0.0559047619047619,2.0452296421327034,0.0034482891655767214,0.01351031671094502,0.8910030123394731,0.9051080987716381,2.089128810392876,2.1443922108165268,0.9,0.0019444444444444153
s006,base,Base Weibull PH,3,0.3,1.2,1,0.2,0.97,cp_cox_full,CP + Cox,2000,0.3,0.1,1500,30,3.6425804043922616,0.8986666666666667,0.01666321803401259,3.4706650886855543,0.1419860473873811,0.2135,0.012047619047619048,2.0452296421327034,0.0030422734659518603,0.025922987001688696,0.8924445187946282,0.9048888145387053,3.41764662725708,3.5236835501140287,0.9,0.0013333333333332975
s007,base,Base Weibull PH,3,0.3,1.2,1,0.35,0.75,cp_cox_full,CP + Cox,2000,0.3,0.1,1500,30,1.369656548348729,0.9,0.020271150441696327,1.2001533516039413,0.04442755317207694,0.45380952380952383,0.10695238095238095,2.0452296421327034,0.00370098878783263,0.008111324349035578,0.892430628025924,0.9075693719740761,1.183563830608341,1.2167428725995417,0.9,0
s008,base,Base Weibull PH,3,0.3,1.2,1,0.35,0.9,cp_cox_full,CP + Cox,2000,0.3,0.1,1500,30,2.2913978714497447,0.8956111111111111,0.018541055889892917,2.1192310083835486,0.06547736613470441,0.380547619047619,0.028642857142857144,2.0452296421327034,0.003385118183619457,0.011954476812667484,0.8886877670598502,0.9025344551623721,2.094781358050093,2.1436806587170043,0.9,0.004388888888888887
s009,base,Base Weibull PH,3,0.3,1.2,1,0.35,0.97,cp_cox_full,CP + Cox,2000,0.3,0.1,1500,30,3.6666159552597652,0.8963333333333333,0.017465894516581967,3.4964678657413844,0.170024671705144,0.3516190476190476,0.004666666666666667,2.0452296421327034,0.003188821471245911,0.03104211600843924,0.8898114611368719,0.9028552055297947,3.4329796099264023,3.5599561215563664,0.9,0.003666666666666707
s010,high_dim,Higher covariate dimension,9,0.3,1.2,1,0.1,0.75,cp_cox_full,CP + Cox,2000,0.3,0.1,1500,30,1.5178631221759267,0.8992777777777777,0.017129679679606557,1.3133231036221602,0.04629090751566818,0.3023095238095238,0.20166666666666666,2.0452296421327034,0.0031274373211194594,0.008451524751238964,0.8928814502647121,0.9056741052908434,1.2960377946797081,1.3306084125646123,0.9,7.222222222222907e-4
s011,high_dim,Higher covariate dimension,9,0.3,1.2,1,0.1,0.9,cp_cox_full,CP + Cox,2000,0.3,0.1,1500,30,2.9093000337112036,0.8958333333333334,0.01599059829138594,2.7052726388194106,0.10884207445892242,0.17307142857142857,0.0735,2.0452296421327034,0.002919470464065216,0.019871753128936236,0.8898623458008963,0.9018043208657704,2.664630340278967,2.745914937359854,0.9,0.004166666666666652
s012,high_dim,Higher covariate dimension,9,0.3,1.2,1,0.1,0.97,cp_cox_full,CP + Cox,2000,0.3,0.1,1500,30,5.400181145392187,0.8933333333333333,0.021140834087149507,5.189075203005751,0.33921495849260225,0.11897619047619047,0.01730952380952381,2.0452296421327034,0.0038597705713353074,0.06193189486985896,0.8854392161490069,0.9012274505176597,5.062410255824469,5.3157401501870325,0.9,0.00666666666666671
s013,high_dim,Higher covariate dimension,9,0.3,1.2,1,0.2,0.75,cp_cox_full,CP + Cox,2000,0.3,0.1,1500,30,1.5088459248726556,0.9055,0.016064703938874127,1.3081712020234535,0.05185709227010152,0.35983333333333334,0.1611190476190476,2.0452296421327034,0.002933000242321151,0.009467766400987128,0.8995013409640223,0.9114986590359776,1.2888074455353666,1.3275349585115404,0.9,0.005499999999999949
s014,high_dim,Higher covariate dimension,9,0.3,1.2,1,0.2,0.9,cp_cox_full,CP + Cox,2000,0.3,0.1,1500,30,2.903657832522302,0.8965,0.013877888363890704,2.698218602563795,0.13283963322991219,0.24721428571428572,0.04823809523809524,2.0452296421327034,0.002533744169147134,0.024253087883578585,0.8913179113196793,0.9016820886803206,2.6486154683110508,2.7478217368165394,0.9,0.0035000000000000586
s015,high_dim,Higher covariate dimension,9,0.3,1.2,1,0.2,0.97,cp_cox_full,CP + Cox,2000,0.3,0.1,1500,30,5.364054264813009,0.9011666666666667,0.0170594520490712,5.15526356934701,0.32908531151407144,0.20866666666666667,0.009404761904761905,2.0452296421327034,0.0031146155686513416,0.060082482819957164,0.894796562581813,0.9075367707515204,5.032381094510705,5.278146044183315,0.9,0.0011666666666666492
s016,high_dim,Higher covariate dimension,9,0.3,1.2,1,0.35,0.75,cp_cox_full,CP + Cox,2000,0.3,0.1,1500,30,1.5263485399802315,0.8965,0.017525842987251513,1.3151444810991901,0.05985534360518317,0.44985714285714284,0.09847619047619048,2.0452296421327034,0.00319976651447046,0.010928040626593806,0.8899557426767013,0.9030442573232986,1.2927941284792501,1.3374948337191301,0.9,0.0035000000000000586
s017,high_dim,Higher covariate dimension,9,0.3,1.2,1,0.35,0.9,cp_cox_full,CP + Cox,2000,0.3,0.1,1500,30,2.908770515268877,0.9025555555555556,0.019061974612235147,2.7046981627940876,0.0886160019929148,0.3707857142857143,0.021547619047619048,2.0452296421327034,0.0034802244952373274,0.016178994415814066,0.8954376972566198,0.9096734138544913,2.671608403834965,2.73778792175321,0.9,0.002555555555555533
s018,high_dim,Higher covariate dimension,9,0.3,1.2,1,0.35,0.97,cp_cox_full,CP + Cox,2000,0.3,0.1,1500,30,5.408258669767054,0.8969444444444444,0.01638897006279009,5.195673257403548,0.2983900138435896,0.35285714285714287,0.0017857142857142857,2.0452296421327034,0.0029922028658889966,0.05447831383880427,0.8908247024478538,0.903064186441035,5.084252595087017,5.307093919720078,0.9,0.003055555555555589
s019,high_shape,Higher Weibull shape,3,0.3,1.8,1,0.1,0.75,cp_cox_full,CP + Cox,2000,0.3,0.1,1500,30,1.2356430347894765,0.8937777777777778,0.01671219834239363,0.9328266501552309,0.028440894696763395,0.312952380952381,0.212,2.0452296421327034,0.003051216005876479,0.0051925731936821205,0.8875373403580095,0.9000182151975461,0.9222066455405685,0.9434466547698933,0.9,0.00622222222222224
s020,high_shape,Higher Weibull shape,3,0.3,1.8,1,0.1,0.9,cp_cox_full,CP + Cox,2000,0.3,0.1,1500,30,1.7543400273439427,0.8988333333333334,0.015042404939375652,1.4550933232328152,0.040576559379160285,0.18176190476190476,0.07976190476190476,2.0452296421327034,0.002746354834807725,0.007408232292637968,0.8932164070173702,0.9044502596492966,1.4399417869521072,1.4702448595135231,0.9,0.0011666666666666492
s021,high_shape,Higher Weibull shape,3,0.3,1.8,1,0.1,0.97,cp_cox_full,CP + Cox,2000,0.3,0.1,1500,30,2.368757384728042,0.8985555555555556,0.01679680988990619,2.0675003568436945,0.07380610001726175,0.12721428571428572,0.02269047619047619,2.0452296421327034,0.0030666638902758286,0.01347508862031223,0.8922835236647054,0.9048275874464057,2.0399407061670667,2.0950600075203223,0.9,0.0014444444444444704
s022,high_shape,Higher Weibull shape,3,0.3,1.8,1,0.2,0.75,cp_cox_full,CP + Cox,2000,0.3,0.1,1500,30,1.243318993466505,0.8983333333333333,0.014476827831445072,0.9387852559397915,0.025333081095891535,0.374047619047619,0.17295238095238094,2.0452296421327034,0.002643095054800354,0.0046251666557758295,0.8929275969802812,0.9037390696863854,0.929325727995595,0.9482447838839879,0.9,0.0016666666666667052
s023,high_shape,Higher Weibull shape,3,0.3,1.8,1,0.2,0.9,cp_cox_full,CP + Cox,2000,0.3,0.1,1500,30,1.7435210073203504,0.8982222222222223,0.0133400366291447,1.4420070449849878,0.03231853086560434,0.26626190476190476,0.06321428571428571,2.0452296421327034,0.0024355463265759098,0.00590052946017282,0.8932409706803218,0.9032034737641227,1.429939107228765,1.4540749827412105,0.9,0.001777777777777767
s024,high_shape,Higher Weibull shape,3,0.3,1.8,1,0.2,0.97,cp_cox_full,CP + Cox,2000,0.3,0.1,1500,30,2.3439067563139493,0.9035555555555556,0.0152547545087205,2.047863595552192,0.06919208811891088,0.21683333333333332,0.017404761904761906,2.0452296421327034,0.0027851243845432856,0.012632689154537562,0.897859336607261,0.9092517745038501,2.0220268452334835,2.0737003458709005,0.9,0.003555555555555534
s025,high_shape,Higher Weibull shape,3,0.3,1.8,1,0.35,0.75,cp_cox_full,CP + Cox,2000,0.3,0.1,1500,30,1.2424866655510667,0.8957777777777778,0.01766402785179287,0.9362681757209911,0.028205300439235553,0.47085714285714286,0.12238095238095238,2.0452296421327034,0.0032249955036088257,0.005149559763926561,0.8891819213780523,0.9023736341775033,0.9257361434478746,0.9468002079941076,0.9,0.004222222222222238
s026,high_shape,Higher Weibull shape,3,0.3,1.8,1,0.35,0.9,cp_cox_full,CP + Cox,2000,0.3,0.1,1500,30,1.7397599721975776,0.8974444444444445,0.015361127566105656,1.4391945687958076,0.034732229610016936,0.383,0.04057142857142857,2.0452296421327034,0.0028045453588901657,0.006341208543285045,0.8917085051437367,0.9031803837451523,1.4262253411161359,1.4521637964754794,0.9,0.002555555555555533
s027,high_shape,Higher Weibull shape,3,0.3,1.8,1,0.35,0.97,cp_cox_full,CP + Cox,2000,0.3,0.1,1500,30,2.356169341915422,0.8930555555555556,0.014746149139069256,2.048834079301365,0.05912032357656502,0.35973809523809525,0.008595238095238095,2.0452296421327034,0.0026922661732678723,0.010793844943296388,0.887549252973477,0.8985618581376342,2.026758187670751,2.0709099709319787,0.9,0.00694444444444442
s028,strong_signal,Stronger covariate effect,3,0.6,1.2,1,0.1,0.75,cp_cox_full,CP + Cox,2000,0.3,0.1,1500,30,1.5974722266480221,0.8982777777777777,0.018878941487092227,1.374678751639398,0.05385472993111556,0.3026666666666667,0.20345238095238094,2.0452296421327034,0.003446807371433513,0.00983248347054021,0.8912282651710004,0.9053272903845551,1.3545690649896693,1.3947884382891265,0.9,0.0017222222222222916
s029,strong_signal,Stronger covariate effect,3,0.6,1.2,1,0.1,0.9,cp_cox_full,CP + Cox,2000,0.3,0.1,1500,30,3.2609908878947764,0.9038888888888889,0.01855061076197765,3.0335414224613326,0.1234672888657819,0.17252380952380952,0.07083333333333333,2.0452296421327034,0.0033868626566110854,0.02254193974193173,0.8969619769897555,0.9108158007880222,2.9874379791099646,3.0796448658127007,0.9,0.0038888888888888307
s030,strong_signal,Stronger covariate effect,3,0.6,1.2,1,0.1,0.97,cp_cox_full,CP + Cox,2000,0.3,0.1,1500,30,6.221218335146006,0.9006111111111111,0.015947010753729556,5.998849170087355,0.367218230711203,0.11345238095238096,0.01695238095238095,2.0452296421327034,0.0029115125048650463,0.06704456949588741,0.8946563994327211,0.9065658227895012,5.86172762921034,6.1359707109643695,0.9,6.111111111111178e-4
s031,strong_signal,Stronger covariate effect,3,0.6,1.2,1,0.2,0.75,cp_cox_full,CP + Cox,2000,0.3,0.1,1500,30,1.5712780076063964,0.9002222222222223,0.016163279259606013,1.3572609509150297,0.047211851531953,0.35723809523809524,0.15661904761904763,2.0452296421327034,0.0029509975512472045,0.00861966535521183,0.8941867545565505,0.906257689887894,1.3396317558252862,1.3748901460047733,0.9,2.2222222222223476e-4
s032,strong_signal,Stronger covariate effect,3,0.6,1.2,1,0.2,0.9,cp_cox_full,CP + Cox,2000,0.3,0.1,1500,30,3.1804320212343216,0.8979444444444444,0.014801906093818363,2.956374456221422,0.13007318528836675,0.24771428571428572,0.04754761904761905,2.0452296421327034,0.0027024459538858322,0.02374800590299586,0.8924173218732956,0.9034715670155933,2.9078043306070724,3.004944581835771,0.9,0.0020555555555555882
s033,strong_signal,Stronger covariate effect,3,0.6,1.2,1,0.2,0.97,cp_cox_full,CP + Cox,2000,0.3,0.1,1500,30,6.3047382035349955,0.8983888888888889,0.013606985847606383,6.0786259151529896,0.41303988080399445,0.2053095238095238,0.008023809523809523,2.0452296421327034,0.002484284362795856,0.07541041995519761,0.893307956870612,0.9034698209071658,5.924394288934944,6.232857541371035,0.9,0.0016111111111111187
s034,strong_signal,Stronger covariate effect,3,0.6,1.2,1,0.35,0.75,cp_cox_full,CP + Cox,2000,0.3,0.1,1500,30,1.5861832276641308,0.9035555555555556,0.015559386501446804,1.3723917988590653,0.06150023498028981,0.4466904761904762,0.09440476190476191,2.0452296421327034,0.0028407423225946006,0.011228355330191004,0.8977455851517242,0.9093655259593869,1.3494272337053599,1.3953563640127706,0.9,0.003555555555555534
s035,strong_signal,Stronger covariate effect,3,0.6,1.2,1,0.35,0.9,cp_cox_full,CP + Cox,2000,0.3,0.1,1500,30,3.234727532624851,0.9006666666666666,0.014091925896729906,3.020692616199309,0.12005935713267574,0.367952380952381,0.01819047619047619,2.0452296421327034,0.002572821897443395,0.02191973938037842,0.8954046550580873,0.9059286782752459,2.975861715470735,3.0655235169278825,0.9,6.666666666665932e-4
s036,strong_signal,Stronger covariate effect,3,0.6,1.2,1,0.35,0.97,cp_cox_full,CP + Cox,2000,0.3,0.1,1500,30,6.263670292354631,0.8979444444444444,0.017034354139358596,6.042099065208567,0.3222949173076355,0.3511190476190476,0.0010714285714285715,2.0452296421327034,0.0031100333382194007,0.058842732126218045,0.8915837120730972,0.9043051768157917,5.921752165239951,6.162445965177183,0.9,0.0020555555555555882
s001,base,Base Weibull PH,3,0.3,1.2,1,0.1,0.75,cp_cox_split_support_fit,CP + Cox (Split Support/Fit),2000,0.3,0.1,1500,30,1.3736700908000794,0.9007777777777778,0.015614693280126872,1.2001881782564752,0.04509279192576771,0.3065,0.20495238095238094,2.0452296421327034,0.002850839912683274,0.008232779772876599,0.894947155483383,0.9066084000721726,1.1833502530278375,1.2170261034851129,0.9,7.777777777777661e-4
s002,base,Base Weibull PH,3,0.3,1.2,1,0.1,0.9,cp_cox_split_support_fit,CP + Cox (Split Support/Fit),2000,0.3,0.1,1500,30,2.2857058984023144,0.901,0.01731829586441778,2.1174676449691114,0.07948776948824104,0.174,0.07654761904761904,2.0452296421327034,0.003161873767496683,0.014512414798160164,0.894533242046034,0.907466757953966,2.087786424044989,2.147148865893234,0.9,0.0010000000000000009
s003,base,Base Weibull PH,3,0.3,1.2,1,0.1,0.97,cp_cox_split_support_fit,CP + Cox (Split Support/Fit),2000,0.3,0.1,1500,30,3.633423069754386,0.8981666666666667,0.016919631980635782,3.4667822273331965,0.17307418823750087,0.12088095238095238,0.019642857142857142,2.0452296421327034,0.0030890880334933433,0.03159887900652484,0.8918487722534086,0.9044845610799247,3.402155263330887,3.531409191335506,0.9,0.0018333333333333535
s004,base,Base Weibull PH,3,0.3,1.2,1,0.2,0.75,cp_cox_split_support_fit,CP + Cox (Split Support/Fit),2000,0.3,0.1,1500,30,1.3781838295662683,0.9005,0.020038994552671364,1.2037540143618501,0.037671616987921694,0.3635,0.16557142857142856,2.0452296421327034,0.003658603115407084,0.006877864800659844,0.8930173164595704,0.9079826835404295,1.1896872013969595,1.2178208273267408,0.9,4.999999999999449e-4
s005,base,Base Weibull PH,3,0.3,1.2,1,0.2,0.9,cp_cox_split_support_fit,CP + Cox (Split Support/Fit),2000,0.3,0.1,1500,30,2.287214895219812,0.9023888888888889,0.017663756718344296,2.1230521890365086,0.07988365538115058,0.25547619047619047,0.0559047619047619,2.0452296421327034,0.0032249460016401995,0.014584693342741708,0.895793133732057,0.9089846440457208,2.0932231418905176,2.1528812361824996,0.9,0.002388888888888885
s006,base,Base Weibull PH,3,0.3,1.2,1,0.2,0.97,cp_cox_split_support_fit,CP + Cox (Split Support/Fit),2000,0.3,0.1,1500,30,3.6425804043922616,0.8974444444444445,0.02194443231970177,3.4696955547004227,0.14303608580982213,0.2135,0.012047619047619048,2.0452296421327034,0.004006486864382026,0.026114696911761392,0.8892502587485951,0.9056386301402939,3.416285002481177,3.5231061069196685,0.9,0.002555555555555533
s007,base,Base Weibull PH,3,0.3,1.2,1,0.35,0.75,cp_cox_split_support_fit,CP + Cox (Split Support/Fit),2000,0.3,0.1,1500,30,1.369656548348729,0.9038888888888889,0.02239207121123437,1.2058765620448728,0.04465410356129217,0.45380952380952383,0.10695238095238095,2.0452296421327034,0.0040882141705516975,0.008152686601897165,0.8955275520838896,0.9122502256938881,1.1892024457436545,1.222550678346091,0.9,0.0038888888888888307
s008,base,Base Weibull PH,3,0.3,1.2,1,0.35,0.9,cp_cox_split_support_fit,CP + Cox (Split Support/Fit),2000,0.3,0.1,1500,30,2.2913978714497447,0.8975,0.01542346075828807,2.120803641616003,0.06310784606374635,0.380547619047619,0.028642857142857144,2.0452296421327034,0.00281592579070337,0.011521863614892493,0.8917407851028074,0.9032592148971925,2.097238784618215,2.144368498613791,0.9,0.0025000000000000577
s009,base,Base Weibull PH,3,0.3,1.2,1,0.35,0.97,cp_cox_split_support_fit,CP + Cox (Split Support/Fit),2000,0.3,0.1,1500,30,3.6666159552597652,0.9007222222222222,0.013838721657496588,3.500921643065026,0.16314667875188868,0.3516190476190476,0.004666666666666667,2.0452296421327034,0.0025265933396153876,0.029786372044819404,0.8955547586304258,0.9058896858140186,3.4400016720273685,3.5618416141026836,0.9,7.222222222221797e-4
s010,high_dim,Higher covariate dimension,9,0.3,1.2,1,0.1,0.75,cp_cox_split_support_fit,CP + Cox (Split Support/Fit),2000,0.3,0.1,1500,30,1.5178631221759267,0.8987777777777778,0.017001990718090432,1.3131966463986853,0.04278198114552195,0.3023095238095238,0.20166666666666666,2.0452296421327034,0.003104124612930529,0.00781088537605436,0.8924291301065386,0.905126425449017,1.297221592096278,1.3291717007010926,0.9,0.0012222222222222356
s011,high_dim,Higher covariate dimension,9,0.3,1.2,1,0.1,0.9,cp_cox_split_support_fit,CP + Cox (Split Support/Fit),2000,0.3,0.1,1500,30,2.9093000337112036,0.895,0.014771568424391328,2.70233937527911,0.10993508223537804,0.17307142857142857,0.0735,2.0452296421327034,0.002696907078590058,0.020071308133834006,0.8894842057007901,0.9005157942992099,2.661288940927413,2.7433898096308065,0.9,0.0050000000000000044
s012,high_dim,Higher covariate dimension,9,0.3,1.2,1,0.1,0.97,cp_cox_split_support_fit,CP + Cox (Split Support/Fit),2000,0.3,0.1,1500,30,5.400181145392187,0.8969444444444444,0.020543773158334343,5.190448883905888,0.3335798216312415,0.11897619047619047,0.01730952380952381,2.0452296421327034,0.003750762658362957,0.060903064345326906,0.8892732734749561,0.9046156154139328,5.06588813141011,5.315009636401666,0.9,0.003055555555555589
s013,high_dim,Higher covariate dimension,9,0.3,1.2,1,0.2,0.75,cp_cox_split_support_fit,CP + Cox (Split Support/Fit),2000,0.3,0.1,1500,30,1.5088459248726556,0.902,0.019095444884203935,1.3018677782957353,0.04844175286945948,0.35983333333333334,0.1611190476190476,2.0452296421327034,0.0034863353028917066,0.008844213590564523,0.8948696436961122,0.9091303563038878,1.2837793304989598,1.3199562260925108,0.9,0.0020000000000000018
s014,high_dim,Higher covariate dimension,9,0.3,1.2,1,0.2,0.9,cp_cox_split_support_fit,CP + Cox (Split Support/Fit),2000,0.3,0.1,1500,30,2.903657832522302,0.8979444444444444,0.01315020310241398,2.6998924828706548,0.13284864847415784,0.24721428571428572,0.04823809523809524,2.0452296421327034,0.0024008876249888515,0.024254733834456838,0.8930340779063877,0.9028548109825012,2.650285982270385,2.7494989834709247,0.9,0.0020555555555555882
s015,high_dim,Higher covariate dimension,9,0.3,1.2,1,0.2,0.97,cp_cox_split_support_fit,CP + Cox (Split Support/Fit),2000,0.3,0.1,1500,30,5.364054264813009,0.9033333333333333,0.014836271180075392,5.159364608318261,0.3406572709642752,0.20866666666666667,0.009404761904761905,2.0452296421327034,0.002708720131530361,0.062195223895094395,0.8977933786280858,0.9088732880385808,5.032161092808933,5.286568123827588,0.9,0.0033333333333332993
s016,high_dim,Higher covariate dimension,9,0.3,1.2,1,0.35,0.75,cp_cox_split_support_fit,CP + Cox (Split Support/Fit),2000,0.3,0.1,1500,30,1.5263485399802315,0.9015555555555556,0.018481290805405653,1.3249342662399273,0.058674004561930185,0.44985714285714284,0.09847619047619048,2.0452296421327034,0.003374206621977832,0.010712358612576729,0.894654528153606,0.9084565829575051,1.3030250328683297,1.3468434996115248,0.9,0.0015555555555555323
s017,high_dim,Higher covariate dimension,9,0.3,1.2,1,0.35,0.9,cp_cox_split_support_fit,CP + Cox (Split Support/Fit),2000,0.3,0.1,1500,30,2.908770515268877,0.903,0.018628244529554402,2.7064758914649873,0.08637420065766258,0.3707857142857143,0.021547619047619048,2.0452296421327034,0.003401036578519719,0.01576969936222645,0.8960440991756339,0.9099559008243662,2.6742232348818407,2.738728548048134,0.9,0.0030000000000000027
s018,high_dim,Higher covariate dimension,9,0.3,1.2,1,0.35,0.97,cp_cox_split_support_fit,CP + Cox (Split Support/Fit),2000,0.3,0.1,1500,30,5.408258669767054,0.9012777777777777,0.019331169782494873,5.203071090905262,0.29059543805866384,0.35285714285714287,0.0017857142857142857,2.0452296421327034,0.003529372584278226,0.053055225510941814,0.8940594003502814,0.908496155205274,5.094560971020249,5.311581210790276,0.9,0.001277777777777711
s019,high_shape,Higher Weibull shape,3,0.3,1.8,1,0.1,0.75,cp_cox_split_support_fit,CP + Cox (Split Support/Fit),2000,0.3,0.1,1500,30,1.2356430347894765,0.8942222222222223,0.015577843911950166,0.9339948666841241,0.03197085146018784,0.312952380952381,0.212,2.0452296421327034,0.0028441121692898753,0.005837052175797286,0.8884053597080402,0.9000390847364043,0.9220567545515084,0.9459329788167399,0.9,0.005777777777777771
s020,high_shape,Higher Weibull shape,3,0.3,1.8,1,0.1,0.9,cp_cox_split_support_fit,CP + Cox (Split Support/Fit),2000,0.3,0.1,1500,30,1.7543400273439427,0.8945,0.015023289710195793,1.4488323483313696,0.042718124184469665,0.18176190476190476,0.07976190476190476,2.0452296421327034,0.002742864887403162,0.007799226743380338,0.888890211427918,0.9001097885720819,1.4328811386100941,1.4647835580526452,0.9,0.00550000000000006
s021,high_shape,Higher Weibull shape,3,0.3,1.8,1,0.1,0.97,cp_cox_split_support_fit,CP + Cox (Split Support/Fit),2000,0.3,0.1,1500,30,2.368757384728042,0.9017222222222222,0.018101900438604338,2.0724846497597906,0.07336967888926443,0.12721428571428572,0.02269047619047619,2.0452296421327034,0.0033049397346454185,0.013395409388186903,0.8949628615114632,0.9084815829329812,2.045087961410568,2.099881338109013,0.9,0.0017222222222221806
s022,high_shape,Higher Weibull shape,3,0.3,1.8,1,0.2,0.75,cp_cox_split_support_fit,CP + Cox (Split Support/Fit),2000,0.3,0.1,1500,30,1.243318993466505,0.9011666666666667,0.01805775111908809,0.9418635213694289,0.027595289917998374,0.374047619047619,0.17295238095238094,2.0452296421327034,0.003296879208579568,0.005038187589660865,0.8944237915827488,0.9079095417505846,0.9315592707684294,0.9521677719704283,0.9,0.0011666666666666492
s023,high_shape,Higher Weibull shape,3,0.3,1.8,1,0.2,0.9,cp_cox_split_support_fit,CP + Cox (Split Support/Fit),2000,0.3,0.1,1500,30,1.7435210073203504,0.8977777777777778,0.016407953714068498,1.4411118476246558,0.0362560324025719,0.26626190476190476,0.06321428571428571,2.0452296421327034,0.002995668790565329,0.006619415597508951,0.8916509471693017,0.9039046083862539,1.427573622631035,1.4546500726182767,0.9,0.0022222222222222365
s024,high_shape,Higher Weibull shape,3,0.3,1.8,1,0.2,0.97,cp_cox_split_support_fit,CP + Cox (Split Support/Fit),2000,0.3,0.1,1500,30,2.3439067563139493,0.9037222222222222,0.018511068105353124,2.0487601379095204,0.0765520883464254,0.21683333333333332,0.017404761904761906,2.0452296421327034,0.0033796431882721074,0.013976435203821849,0.8968100757937362,0.9106343686507082,2.020175118339317,2.0773451574797237,0.9,0.0037222222222221824
s025,high_shape,Higher Weibull shape,3,0.3,1.8,1,0.35,0.75,cp_cox_split_support_fit,CP + Cox (Split Support/Fit),2000,0.3,0.1,1500,30,1.2424866655510667,0.901,0.01783062069819104,0.9485931598479119,0.03275368763716979,0.47085714285714286,0.12238095238095238,2.0452296421327034,0.003255411056905916,0.005979977853451993,0.8943419368090895,0.9076580631909106,0.9363627318827348,0.9608235878130891,0.9,0.0010000000000000009
s026,high_shape,Higher Weibull shape,3,0.3,1.8,1,0.35,0.9,cp_cox_split_support_fit,CP + Cox (Split Support/Fit),2000,0.3,0.1,1500,30,1.7397599721975776,0.8975555555555556,0.017631462068176826,1.4374361049843067,0.034239219755527475,0.383,0.04057142857142857,2.0452296421327034,0.0032190498321790456,0.006251197670492972,0.8909718594192807,0.9041392516918304,1.4246509702097836,1.4502212397588299,0.9,0.0024444444444444713
s027,high_shape,Higher Weibull shape,3,0.3,1.8,1,0.35,0.97,cp_cox_split_support_fit,CP + Cox (Split Support/Fit),2000,0.3,0.1,1500,30,2.356169341915422,0.8906666666666667,0.01858294030819892,2.043289244375694,0.058765244527318385,0.35973809523809525,0.008595238095238095,2.0452296421327034,0.0033927651971908507,0.010729016674973097,0.8837276827165758,0.8976056506167577,2.021345941441103,2.065232547310285,0.9,0.009333333333333305
s028,strong_signal,Stronger covariate effect,3,0.6,1.2,1,0.1,0.75,cp_cox_split_support_fit,CP + Cox (Split Support/Fit),2000,0.3,0.1,1500,30,1.5974722266480221,0.9015,0.018148757385452467,1.380591478860244,0.05184316651163509,0.3026666666666667,0.20345238095238094,2.0452296421327034,0.0033134946035669323,0.009465223916972984,0.8947231426177381,0.9082768573822618,1.3612329223358275,1.3999500353846606,0.9,0.0014999999999999458
s029,strong_signal,Stronger covariate effect,3,0.6,1.2,1,0.1,0.9,cp_cox_split_support_fit,CP + Cox (Split Support/Fit),2000,0.3,0.1,1500,30,3.2609908878947764,0.9032777777777777,0.016943015453844718,3.0298369197082127,0.12707492150248162,0.17252380952380952,0.07083333333333333,2.0452296421327034,0.0030933572520764605,0.023200600333369154,0.8969511518321248,0.9096044037234307,2.9823863641911323,3.077287475225293,0.9,0.003277777777777713
s030,strong_signal,Stronger covariate effect,3,0.6,1.2,1,0.1,0.97,cp_cox_split_support_fit,CP + Cox (Split Support/Fit),2000,0.3,0.1,1500,30,6.221218335146006,0.8991666666666667,0.01777223931927138,5.995612416055293,0.36821812101406365,0.11345238095238096,0.01695238095238095,2.0452296421327034,0.0032447521241817305,0.06722712365385657,0.8925304034409172,0.9058029298924162,5.858117510003105,6.133107322107481,0.9,8.333333333333526e-4
s031,strong_signal,Stronger covariate effect,3,0.6,1.2,1,0.2,0.75,cp_cox_split_support_fit,CP + Cox (Split Support/Fit),2000,0.3,0.1,1500,30,1.5712780076063964,0.902,0.016743501055221613,1.3580401711291612,0.05566642662448979,0.35723809523809524,0.15661904761904763,2.0452296421327034,0.0030569310731854765,0.010163252519313073,0.8957478739551645,0.9082521260448355,1.3372539858161823,1.3788263564421401,0.9,0.0020000000000000018
s032,strong_signal,Stronger covariate effect,3,0.6,1.2,1,0.2,0.9,cp_cox_split_support_fit,CP + Cox (Split Support/Fit),2000,0.3,0.1,1500,30,3.1804320212343216,0.8998333333333334,0.018781614471221418,2.960708229545307,0.1331842239131239,0.24771428571428572,0.04754761904761905,2.0452296421327034,0.003429037970751144,0.024316001247012307,0.8928201632315546,0.9068465034351122,2.910976423016782,3.0104400360738324,0.9,1.666666666666483e-4
s033,strong_signal,Stronger covariate effect,3,0.6,1.2,1,0.2,0.97,cp_cox_split_support_fit,CP + Cox (Split Support/Fit),2000,0.3,0.1,1500,30,6.3047382035349955,0.8958333333333334,0.0130776490323972,6.075775835584562,0.4145391346834944,0.2053095238095238,0.008023809523809523,2.0452296421327034,0.0023876411247265184,0.07568414501160735,0.8909500589302676,0.9007166077363992,5.920984378767352,6.230567292401771,0.9,0.004166666666666652
s034,strong_signal,Stronger covariate effect,3,0.6,1.2,1,0.35,0.75,cp_cox_split_support_fit,CP + Cox (Split Support/Fit),2000,0.3,0.1,1500,30,1.5861832276641308,0.9027222222222222,0.019150959747732208,1.3702278524275748,0.05940500712010899,0.4466904761904762,0.09440476190476191,2.0452296421327034,0.0034964708839021253,0.010845820809479566,0.8955711363276116,0.9098733081168328,1.3480456582147675,1.3924100466403821,0.9,0.0027222222222221815
s035,strong_signal,Stronger covariate effect,3,0.6,1.2,1,0.35,0.9,cp_cox_split_support_fit,CP + Cox (Split Support/Fit),2000,0.3,0.1,1500,30,3.234727532624851,0.9001666666666667,0.01898451678064617,3.0190660122609865,0.12050005987323345,0.367952380952381,0.01819047619047619,2.0452296421327034,0.003466082694698421,0.02200020032443102,0.8930777315973862,0.9072556017359471,2.9740705504246026,3.0640614740973704,0.9,1.666666666666483e-4
s036,strong_signal,Stronger covariate effect,3,0.6,1.2,1,0.35,0.97,cp_cox_split_support_fit,CP + Cox (Split Support/Fit),2000,0.3,0.1,1500,30,6.263670292354631,0.8970555555555556,0.01740152002286014,6.042198459205504,0.32245471918823115,0.3511190476190476,0.0010714285714285715,2.0452296421327034,0.0031770683504661044,0.05887190782446271,0.8905577211901007,0.9035533899210105,5.921791888234009,6.162605030176999,0.9,0.0029444444444444162
