scenario_id,scenario_label,scenario_description,tau_quantile,method_id,method_label,estimator_family,working_model,spec_status,is_conformal,n,test_frac,p,beta_scale,sigma,cens_target,alpha,B,n_rep,tau_mean,tau_sd,censor_rate_emp_mean,admin_mass_emp_mean,coverage_mean,coverage_sd,length_mean,length_sd,tcrit,coverage_se,length_se,coverage_ci_low,coverage_ci_high,length_ci_low,length_ci_high,target_coverage,abs_cov_error
aft_lognormal_linear,Log-Normal AFT (Linear),"Linear log-normal accelerated-failure-time DGP; log-normal is correct, Cox and Weibull are misspecified.",0.7,cp_cox,CP + Cox,conformal,Cox,misspecified,TRUE,2000,0.3,3,0.3,0.7,0.2,0.1,1500,30,1.5708018396645498,0.04745446221074346,0.4106190476190476,0.20807142857142857,0.8958888888888888,0.01848025420977013,1.138557488018854,0.04947237258255424,2.0452296421327034,0.003374017366373636,0.009032378145588356,0.888988248558111,0.9027895292196667,1.120084200496545,1.157030775541163,0.9,0.0041111111111111764
aft_lognormal_linear,Log-Normal AFT (Linear),"Linear log-normal accelerated-failure-time DGP; log-normal is correct, Cox and Weibull are misspecified.",0.7,cp_lognormal,CP + Log-Normal,conformal,Log-Normal,correct,TRUE,2000,0.3,3,0.3,0.7,0.2,0.1,1500,30,1.5708018396645498,0.04745446221074346,0.4106190476190476,0.20807142857142857,0.899,0.016280585716256263,1.1103316785194577,0.046405148662896606,2.0452296421327034,0.002972414682063319,0.008472382235683057,0.8929207293835336,0.9050792706164664,1.0930037112315603,1.1276596458073551,0.9,0.0010000000000000009
aft_lognormal_linear,Log-Normal AFT (Linear),"Linear log-normal accelerated-failure-time DGP; log-normal is correct, Cox and Weibull are misspecified.",0.7,cp_weibull,CP + Weibull,conformal,Weibull,misspecified,TRUE,2000,0.3,3,0.3,0.7,0.2,0.1,1500,30,1.5708018396645498,0.04745446221074346,0.4106190476190476,0.20807142857142857,0.8961111111111111,0.017233650886007645,1.1181119792649608,0.044623733198036024,2.0452296421327034,0.0031464197794784264,0.008147141757552158,0.8896759601115292,0.902546262110693,1.101449203443758,1.1347747550861635,0.9,0.0038888888888889417
aft_lognormal_linear,Log-Normal AFT (Linear),"Linear log-normal accelerated-failure-time DGP; log-normal is correct, Cox and Weibull are misspecified.",0.7,plugin_cox,Cox Plug-in,plug-in,Cox,misspecified,FALSE,2000,0.3,3,0.3,0.7,0.2,0.1,1500,30,1.5708018396645498,0.04745446221074346,0.4106190476190476,0.20807142857142857,0.9090555555555555,0.012508107204901057,1.1621791030365727,0.042420282962073036,2.0452296421327034,0.0022836574892724005,0.007744848624693155,0.9043849515660173,0.9137261595450937,1.1463391090555195,1.1780190970176259,0.9,0.009055555555555483
aft_lognormal_linear,Log-Normal AFT (Linear),"Linear log-normal accelerated-failure-time DGP; log-normal is correct, Cox and Weibull are misspecified.",0.7,plugin_lognormal,Log-Normal Plug-in,plug-in,Log-Normal,correct,FALSE,2000,0.3,3,0.3,0.7,0.2,0.1,1500,30,1.5708018396645498,0.04745446221074346,0.4106190476190476,0.20807142857142857,0.8953888888888889,0.014534167257877185,1.1046407490216665,0.03998027281833205,2.0452296421327034,0.0026535637538974465,0.007299365759270369,0.8899617416421289,0.9008160361356489,1.0897118698020383,1.1195696282412948,0.9,0.004611111111111121
aft_lognormal_linear,Log-Normal AFT (Linear),"Linear log-normal accelerated-failure-time DGP; log-normal is correct, Cox and Weibull are misspecified.",0.7,plugin_weibull,Weibull Plug-in,plug-in,Weibull,misspecified,FALSE,2000,0.3,3,0.3,0.7,0.2,0.1,1500,30,1.5708018396645498,0.04745446221074346,0.4106190476190476,0.20807142857142857,0.9175555555555556,0.013026155042757497,1.1570777369093217,0.04313280452209795,2.0452296421327034,0.002378239651492651,0.007874936668404628,0.9126915093242275,0.9224196017868836,1.1409716830051828,1.1731837908134606,0.9,0.017555555555555546
aft_lognormal_linear,Log-Normal AFT (Linear),"Linear log-normal accelerated-failure-time DGP; log-normal is correct, Cox and Weibull are misspecified.",0.8,cp_cox,CP + Cox,conformal,Cox,misspecified,TRUE,2000,0.3,3,0.3,0.7,0.2,0.1,1500,30,2.091042500326827,0.07212685966711661,0.3275,0.13011904761904763,0.8958888888888888,0.017949126347928328,1.651059142700836,0.06669751807618321,2.0452296421327034,0.003277047129423555,0.012177245059978038,0.8891865749611259,0.9025912028166518,1.626153880144655,1.6759644052570173,0.9,0.0041111111111111764
aft_lognormal_linear,Log-Normal AFT (Linear),"Linear log-normal accelerated-failure-time DGP; log-normal is correct, Cox and Weibull are misspecified.",0.8,cp_lognormal,CP + Log-Normal,conformal,Log-Normal,correct,TRUE,2000,0.3,3,0.3,0.7,0.2,0.1,1500,30,2.091042500326827,0.07212685966711661,0.3275,0.13011904761904763,0.8973333333333333,0.01871135864999482,1.6184468354269816,0.06616581388139867,2.0452296421327034,0.0034162110713905247,0.012080169599510165,0.8903463971863435,0.9043202694803232,1.5937401144800731,1.6431535563738902,0.9,0.002666666666666706
aft_lognormal_linear,Log-Normal AFT (Linear),"Linear log-normal accelerated-failure-time DGP; log-normal is correct, Cox and Weibull are misspecified.",0.8,cp_weibull,CP + Weibull,conformal,Weibull,misspecified,TRUE,2000,0.3,3,0.3,0.7,0.2,0.1,1500,30,2.091042500326827,0.07212685966711661,0.3275,0.13011904761904763,0.8983333333333333,0.019515196946928166,1.6315007609139882,0.06689370555931397,2.0452296421327034,0.0035629711939961684,0.012213063829981665,0.8910462390333074,0.9056204276333593,1.606522240747651,1.6564792810803255,0.9,0.0016666666666667052
aft_lognormal_linear,Log-Normal AFT (Linear),"Linear log-normal accelerated-failure-time DGP; log-normal is correct, Cox and Weibull are misspecified.",0.8,plugin_cox,Cox Plug-in,plug-in,Cox,misspecified,FALSE,2000,0.3,3,0.3,0.7,0.2,0.1,1500,30,2.091042500326827,0.07212685966711661,0.3275,0.13011904761904763,0.9128333333333333,0.013986515125791165,1.685407110921753,0.06757144284481915,2.0452296421327034,0.002553576611761009,0.012336801163092834,0.9076106827535029,0.9180559839131637,1.6601755194938983,1.7106387023496077,0.9,0.012833333333333252
aft_lognormal_linear,Log-Normal AFT (Linear),"Linear log-normal accelerated-failure-time DGP; log-normal is correct, Cox and Weibull are misspecified.",0.8,plugin_lognormal,Log-Normal Plug-in,plug-in,Log-Normal,correct,FALSE,2000,0.3,3,0.3,0.7,0.2,0.1,1500,30,2.091042500326827,0.07212685966711661,0.3275,0.13011904761904763,0.8977777777777778,0.015151428073591638,1.6198129482371966,0.06521409590796094,2.0452296421327034,0.0027662596447743945,0.011906410465365185,0.8921201415544497,0.9034354140011058,1.5954616046220327,1.6441642918523605,0.9,0.0022222222222222365
aft_lognormal_linear,Log-Normal AFT (Linear),"Linear log-normal accelerated-failure-time DGP; log-normal is correct, Cox and Weibull are misspecified.",0.8,plugin_weibull,Weibull Plug-in,plug-in,Weibull,misspecified,FALSE,2000,0.3,3,0.3,0.7,0.2,0.1,1500,30,2.091042500326827,0.07212685966711661,0.3275,0.13011904761904763,0.9273888888888889,0.014044833340073734,1.6865962202239058,0.06785912673861667,2.0452296421327034,0.0025642240122530032,0.012389324815780775,0.9221444619299606,0.9326333158478173,1.6612572058646606,1.7119352345831509,0.9,0.027388888888888907
aft_lognormal_linear,Log-Normal AFT (Linear),"Linear log-normal accelerated-failure-time DGP; log-normal is correct, Cox and Weibull are misspecified.",0.9,cp_cox,CP + Cox,conformal,Cox,misspecified,TRUE,2000,0.3,3,0.3,0.7,0.2,0.1,1500,30,3.0654836286829226,0.10530407896395846,0.2588809523809524,0.05676190476190476,0.9067777777777778,0.019188185488065147,2.6391521419318473,0.10673097731866657,2.0452296421327034,0.0035032673431355187,0.01948632128733531,0.8996127915632816,0.913942763992274,2.5992981400188677,2.679006143844827,0.9,0.0067777777777777715
aft_lognormal_linear,Log-Normal AFT (Linear),"Linear log-normal accelerated-failure-time DGP; log-normal is correct, Cox and Weibull are misspecified.",0.9,cp_lognormal,CP + Log-Normal,conformal,Log-Normal,correct,TRUE,2000,0.3,3,0.3,0.7,0.2,0.1,1500,30,3.0654836286829226,0.10530407896395846,0.2588809523809524,0.05676190476190476,0.9045,0.016159821989839337,2.5953304344119648,0.10936582236406223,2.0452296421327034,0.0029503663430343412,0.019967375976299953,0.8984658233000755,0.9105341766999244,2.5544925651896278,2.6361683036343018,0.9,0.0044999999999999485
aft_lognormal_linear,Log-Normal AFT (Linear),"Linear log-normal accelerated-failure-time DGP; log-normal is correct, Cox and Weibull are misspecified.",0.9,cp_weibull,CP + Weibull,conformal,Weibull,misspecified,TRUE,2000,0.3,3,0.3,0.7,0.2,0.1,1500,30,3.0654836286829226,0.10530407896395846,0.2588809523809524,0.05676190476190476,0.9037222222222222,0.0177016749934416,2.601433790081741,0.10385428502352043,2.0452296421327034,0.0032318688998443593,0.018961111533651025,0.8971123081487737,0.9103321362956707,2.5626539627253337,2.6402136174381483,0.9,0.0037222222222221824
aft_lognormal_linear,Log-Normal AFT (Linear),"Linear log-normal accelerated-failure-time DGP; log-normal is correct, Cox and Weibull are misspecified.",0.9,plugin_cox,Cox Plug-in,plug-in,Cox,misspecified,FALSE,2000,0.3,3,0.3,0.7,0.2,0.1,1500,30,3.0654836286829226,0.10530407896395846,0.2588809523809524,0.05676190476190476,0.9218333333333333,0.015069125524107317,2.6712941300620665,0.10535855098921856,2.0452296421327034,0.0027512333238101454,0.019235751667617748,0.9162064293870535,0.927460237279613,2.631952600562751,2.710635659561382,0.9,0.02183333333333326
aft_lognormal_linear,Log-Normal AFT (Linear),"Linear log-normal accelerated-failure-time DGP; log-normal is correct, Cox and Weibull are misspecified.",0.9,plugin_lognormal,Log-Normal Plug-in,plug-in,Log-Normal,correct,FALSE,2000,0.3,3,0.3,0.7,0.2,0.1,1500,30,3.0654836286829226,0.10530407896395846,0.2588809523809524,0.05676190476190476,0.9062222222222223,0.014822922430283493,2.5965223291890664,0.10356791040313754,2.0452296421327034,0.0027062829944051892,0.0189088269204908,0.9006872520220651,0.9117571924223794,2.557849435873322,2.635195222504811,0.9,0.00622222222222224
aft_lognormal_linear,Log-Normal AFT (Linear),"Linear log-normal accelerated-failure-time DGP; log-normal is correct, Cox and Weibull are misspecified.",0.9,plugin_weibull,Weibull Plug-in,plug-in,Weibull,misspecified,FALSE,2000,0.3,3,0.3,0.7,0.2,0.1,1500,30,3.0654836286829226,0.10530407896395846,0.2588809523809524,0.05676190476190476,0.9419444444444445,0.012411242997615073,2.681519239226358,0.10595723633805318,2.0452296421327034,0.002265972585490604,0.019345056157752602,0.937310010144339,0.9465788787445499,2.6419541569438008,2.7210843215089153,0.9,0.04194444444444445
aft_lognormal_linear,Log-Normal AFT (Linear),"Linear log-normal accelerated-failure-time DGP; log-normal is correct, Cox and Weibull are misspecified.",0.99,cp_cox,CP + Cox,conformal,Cox,misspecified,TRUE,2000,0.3,3,0.3,0.7,0.2,0.1,1500,30,7.579381621460917,0.47138518687084263,0.20547619047619048,0.0025952380952380953,0.8980555555555556,0.018094490881354692,7.149882307908239,0.46977057678071815,2.0452296421327034,0.0033035869407631664,0.08576798058500398,0.8912989616189443,0.9048121494921669,6.9744670916699265,7.325297524146552,0.9,0.0019444444444444153
aft_lognormal_linear,Log-Normal AFT (Linear),"Linear log-normal accelerated-failure-time DGP; log-normal is correct, Cox and Weibull are misspecified.",0.99,cp_lognormal,CP + Log-Normal,conformal,Log-Normal,correct,TRUE,2000,0.3,3,0.3,0.7,0.2,0.1,1500,30,7.579381621460917,0.47138518687084263,0.20547619047619048,0.0025952380952380953,0.8986666666666666,0.01966871214766978,7.110922851076092,0.46509032238697,2.0452296421327034,0.0035909991067848736,0.08491348694956448,0.8913222488485981,0.9060110844847351,6.937255270549994,7.284590431602189,0.9,0.0013333333333334085
aft_lognormal_linear,Log-Normal AFT (Linear),"Linear log-normal accelerated-failure-time DGP; log-normal is correct, Cox and Weibull are misspecified.",0.99,cp_weibull,CP + Weibull,conformal,Weibull,misspecified,TRUE,2000,0.3,3,0.3,0.7,0.2,0.1,1500,30,7.579381621460917,0.47138518687084263,0.20547619047619048,0.0025952380952380953,0.8986111111111111,0.01742022503018176,7.111495112019226,0.4648610997078491,2.0452296421327034,0.003180483401948888,0.08487163680554904,0.8921062921811342,0.905115930041088,6.937913124648196,7.285077099390255,0.9,0.001388888888888884
aft_lognormal_linear,Log-Normal AFT (Linear),"Linear log-normal accelerated-failure-time DGP; log-normal is correct, Cox and Weibull are misspecified.",0.99,plugin_cox,Cox Plug-in,plug-in,Cox,misspecified,FALSE,2000,0.3,3,0.3,0.7,0.2,0.1,1500,30,7.579381621460917,0.47138518687084263,0.20547619047619048,0.0025952380952380953,0.915,0.013152509484776144,7.185532430326762,0.4675708808499056,2.0452296421327034,0.0024013087108708483,0.0853663728913512,0.9100887722446155,0.9199112277553846,7.010938594048017,7.360126266605507,0.9,0.015000000000000013
aft_lognormal_linear,Log-Normal AFT (Linear),"Linear log-normal accelerated-failure-time DGP; log-normal is correct, Cox and Weibull are misspecified.",0.99,plugin_lognormal,Log-Normal Plug-in,plug-in,Log-Normal,correct,FALSE,2000,0.3,3,0.3,0.7,0.2,0.1,1500,30,7.579381621460917,0.47138518687084263,0.20547619047619048,0.0025952380952380953,0.9012222222222223,0.012081566127873122,7.111430084801331,0.46643732756681977,2.0452296421327034,0.002205782099408818,0.08515941532359114,0.8967108912884256,0.9057335531560189,6.9372595242748325,7.285600645327829,0.9,0.0012222222222222356
aft_lognormal_linear,Log-Normal AFT (Linear),"Linear log-normal accelerated-failure-time DGP; log-normal is correct, Cox and Weibull are misspecified.",0.99,plugin_weibull,Weibull Plug-in,plug-in,Weibull,misspecified,FALSE,2000,0.3,3,0.3,0.7,0.2,0.1,1500,30,7.579381621460917,0.47138518687084263,0.20547619047619048,0.0025952380952380953,0.9433888888888888,0.0095239497800290885,7.2075435617023995,0.4679311382240707,2.0452296421327034,0.0017388273770227655,0.08543214658813046,0.93983258759485,0.9469451901829277,7.032815203109329,7.38227192029547,0.9,0.04338888888888881
aft_lognormal_nonlinear,Log-Normal AFT (Nonlinear),Nonlinear log-normal accelerated-failure-time DGP; all three working models are misspecified.,0.7,cp_cox,CP + Cox,conformal,Cox,misspecified,TRUE,2000,0.3,3,0.3,0.7,0.2,0.1,1500,30,1.564450808958702,0.03481862703921967,0.4091666666666667,0.2114047619047619,0.9007222222222222,0.019141954750574786,1.1866081361215637,0.0349820902753868,2.0452296421327034,0.003494826803877662,0.006386826650837152,0.8935744988488117,0.9078699455956327,1.1735456089361085,1.1996706633070189,0.9,7.222222222221797e-4
aft_lognormal_nonlinear,Log-Normal AFT (Nonlinear),Nonlinear log-normal accelerated-failure-time DGP; all three working models are misspecified.,0.7,cp_lognormal,CP + Log-Normal,conformal,Log-Normal,misspecified,TRUE,2000,0.3,3,0.3,0.7,0.2,0.1,1500,30,1.564450808958702,0.03481862703921967,0.4091666666666667,0.2114047619047619,0.8959444444444444,0.019984109268214423,1.167156856709371,0.03799516858099496,2.0452296421327034,0.0036485824792830326,0.006936936969340831,0.8884822554060487,0.9034066334828401,1.152969227594069,1.181344485824673,0.9,0.00405555555555559
aft_lognormal_nonlinear,Log-Normal AFT (Nonlinear),Nonlinear log-normal accelerated-failure-time DGP; all three working models are misspecified.,0.7,cp_weibull,CP + Weibull,conformal,Weibull,misspecified,TRUE,2000,0.3,3,0.3,0.7,0.2,0.1,1500,30,1.564450808958702,0.03481862703921967,0.4091666666666667,0.2114047619047619,0.9,0.016597557868646372,1.179714712391574,0.03953048696950225,2.0452296421327034,0.0030302856147183285,0.007217246474120139,0.8938023700366498,0.9061976299633503,1.1649537859681258,1.1944756388150224,0.9,0
aft_lognormal_nonlinear,Log-Normal AFT (Nonlinear),Nonlinear log-normal accelerated-failure-time DGP; all three working models are misspecified.,0.7,plugin_cox,Cox Plug-in,plug-in,Cox,misspecified,FALSE,2000,0.3,3,0.3,0.7,0.2,0.1,1500,30,1.564450808958702,0.03481862703921967,0.4091666666666667,0.2114047619047619,0.9055555555555556,0.016290780443505244,1.1945964050999427,0.0352961341976312,2.0452296421327034,0.002974275976090612,0.0064441629642573725,0.8994724781653719,0.9116386329457392,1.1814166119867098,1.2077761982131756,0.9,0.005555555555555536
aft_lognormal_nonlinear,Log-Normal AFT (Nonlinear),Nonlinear log-normal accelerated-failure-time DGP; all three working models are misspecified.,0.7,plugin_lognormal,Log-Normal Plug-in,plug-in,Log-Normal,misspecified,FALSE,2000,0.3,3,0.3,0.7,0.2,0.1,1500,30,1.564450808958702,0.03481862703921967,0.4091666666666667,0.2114047619047619,0.9033888888888889,0.016332766430071154,1.181315901686291,0.03199785933836461,2.0452296421327034,0.0029819415334043646,0.005841983117166542,0.8972901336736636,0.9094876441041142,1.1693677046462232,1.193264098726359,0.9,0.0033888888888888857
aft_lognormal_nonlinear,Log-Normal AFT (Nonlinear),Nonlinear log-normal accelerated-failure-time DGP; all three working models are misspecified.,0.7,plugin_weibull,Weibull Plug-in,plug-in,Weibull,misspecified,FALSE,2000,0.3,3,0.3,0.7,0.2,0.1,1500,30,1.564450808958702,0.03481862703921967,0.4091666666666667,0.2114047619047619,0.9123333333333333,0.015228778966557376,1.2018209750463327,0.03335877545066699,2.0452296421327034,0.002780381921081229,0.006090451268359958,0.9066468138118882,0.9180198528547785,1.189364603578318,1.2142773465143473,0.9,0.012333333333333307
aft_lognormal_nonlinear,Log-Normal AFT (Nonlinear),Nonlinear log-normal accelerated-failure-time DGP; all three working models are misspecified.,0.8,cp_cox,CP + Cox,conformal,Cox,misspecified,TRUE,2000,0.3,3,0.3,0.7,0.2,0.1,1500,30,2.0346599756930397,0.059276459458436646,0.3342380952380952,0.12835714285714286,0.8997777777777778,0.018547512423871433,1.659698069080146,0.06454193708192875,2.0452296421327034,0.0033862969800539013,0.011783691614950511,0.8928520228171071,0.9067035327384485,1.6355977136954987,1.6837984244647932,0.9,2.2222222222223476e-4
aft_lognormal_nonlinear,Log-Normal AFT (Nonlinear),Nonlinear log-normal accelerated-failure-time DGP; all three working models are misspecified.,0.8,cp_lognormal,CP + Log-Normal,conformal,Log-Normal,misspecified,TRUE,2000,0.3,3,0.3,0.7,0.2,0.1,1500,30,2.0346599756930397,0.059276459458436646,0.3342380952380952,0.12835714285714286,0.8966666666666667,0.017923849135051646,1.636685950330319,0.06188485369274281,2.0452296421327034,0.0032724321628624154,0.011298576778474038,0.8899737914053121,0.9033595419280214,1.6135777661890718,1.6597941344715663,0.9,0.0033333333333332993
aft_lognormal_nonlinear,Log-Normal AFT (Nonlinear),Nonlinear log-normal accelerated-failure-time DGP; all three working models are misspecified.,0.8,cp_weibull,CP + Weibull,conformal,Weibull,misspecified,TRUE,2000,0.3,3,0.3,0.7,0.2,0.1,1500,30,2.0346599756930397,0.059276459458436646,0.3342380952380952,0.12835714285714286,0.8964444444444445,0.01836587150860947,1.6441232580027627,0.06182003936085163,2.0452296421327034,0.003353134037835614,0.011286743354598562,0.889586515316219,0.90330237357267,1.6210392759307934,1.667207240074732,0.9,0.003555555555555534
aft_lognormal_nonlinear,Log-Normal AFT (Nonlinear),Nonlinear log-normal accelerated-failure-time DGP; all three working models are misspecified.,0.8,plugin_cox,Cox Plug-in,plug-in,Cox,misspecified,FALSE,2000,0.3,3,0.3,0.7,0.2,0.1,1500,30,2.0346599756930397,0.059276459458436646,0.3342380952380952,0.12835714285714286,0.9028888888888889,0.0170357598499565,1.6659159997787996,0.06156778792169375,2.0452296421327034,0.0031102899846873326,0.011240688753468592,0.8965276316165779,0.9092501461611998,1.642926209942218,1.6889057896153812,0.9,0.0028888888888888298
aft_lognormal_nonlinear,Log-Normal AFT (Nonlinear),Nonlinear log-normal accelerated-failure-time DGP; all three working models are misspecified.,0.8,plugin_lognormal,Log-Normal Plug-in,plug-in,Log-Normal,misspecified,FALSE,2000,0.3,3,0.3,0.7,0.2,0.1,1500,30,2.0346599756930397,0.059276459458436646,0.3342380952380952,0.12835714285714286,0.9021111111111111,0.01574420366085346,1.6493804729191994,0.06017599107324969,2.0452296421327034,0.0028744851650016187,0.010986582577016122,0.8962321288457791,0.9079900933764431,1.6269103885669474,1.6718505572714515,0.9,0.0021111111111110636
aft_lognormal_nonlinear,Log-Normal AFT (Nonlinear),Nonlinear log-normal accelerated-failure-time DGP; all three working models are misspecified.,0.8,plugin_weibull,Weibull Plug-in,plug-in,Weibull,misspecified,FALSE,2000,0.3,3,0.3,0.7,0.2,0.1,1500,30,2.0346599756930397,0.059276459458436646,0.3342380952380952,0.12835714285714286,0.9182222222222222,0.01395760777550418,1.6841833975786045,0.05987542033181699,2.0452296421327034,0.002548298875817714,0.010931706118613207,0.9130103658243863,0.923434078620058,1.6618255481857334,1.7065412469714756,0.9,0.01822222222222214
aft_lognormal_nonlinear,Log-Normal AFT (Nonlinear),Nonlinear log-normal accelerated-failure-time DGP; all three working models are misspecified.,0.9,cp_cox,CP + Cox,conformal,Cox,misspecified,TRUE,2000,0.3,3,0.3,0.7,0.2,0.1,1500,30,2.88329081240232,0.06476508607952944,0.25711904761904764,0.059833333333333336,0.8974444444444445,0.020893514609702433,2.508084098215304,0.06811581868014457,2.0452296421327034,0.0038146164190992564,0.01243619013801565,0.8896426778707366,0.9052462110181524,2.4826492335098362,2.533518962920772,0.9,0.002555555555555533
aft_lognormal_nonlinear,Log-Normal AFT (Nonlinear),Nonlinear log-normal accelerated-failure-time DGP; all three working models are misspecified.,0.9,cp_lognormal,CP + Log-Normal,conformal,Log-Normal,misspecified,TRUE,2000,0.3,3,0.3,0.7,0.2,0.1,1500,30,2.88329081240232,0.06476508607952944,0.25711904761904764,0.059833333333333336,0.8960555555555555,0.017963795717421956,2.489928604954752,0.06913508454241317,2.0452296421327034,0.003279725377615568,0.012622281772968806,0.8893477639952012,0.9027633471159098,2.464113140121325,2.515744069788179,0.9,0.003944444444444528
aft_lognormal_nonlinear,Log-Normal AFT (Nonlinear),Nonlinear log-normal accelerated-failure-time DGP; all three working models are misspecified.,0.9,cp_weibull,CP + Weibull,conformal,Weibull,misspecified,TRUE,2000,0.3,3,0.3,0.7,0.2,0.1,1500,30,2.88329081240232,0.06476508607952944,0.25711904761904764,0.059833333333333336,0.9013333333333333,0.017872472894267365,2.5032666334400115,0.06563517574770042,2.0452296421327034,0.0032630521875299597,0.011983288774277175,0.894659642275571,0.9080070243910956,2.478758056028624,2.527775210851399,0.9,0.0013333333333332975
aft_lognormal_nonlinear,Log-Normal AFT (Nonlinear),Nonlinear log-normal accelerated-failure-time DGP; all three working models are misspecified.,0.9,plugin_cox,Cox Plug-in,plug-in,Cox,misspecified,FALSE,2000,0.3,3,0.3,0.7,0.2,0.1,1500,30,2.88329081240232,0.06476508607952944,0.25711904761904764,0.059833333333333336,0.9043333333333333,0.015096116066939655,2.519256770912491,0.06380841671625427,2.0452296421327034,0.002756161100193006,0.01164976973139406,0.8986963509527255,0.9099703157139412,2.495430316533824,2.5430832252911584,0.9,0.0043333333333333
aft_lognormal_nonlinear,Log-Normal AFT (Nonlinear),Nonlinear log-normal accelerated-failure-time DGP; all three working models are misspecified.,0.9,plugin_lognormal,Log-Normal Plug-in,plug-in,Log-Normal,misspecified,FALSE,2000,0.3,3,0.3,0.7,0.2,0.1,1500,30,2.88329081240232,0.06476508607952944,0.25711904761904764,0.059833333333333336,0.9015,0.015414763784396296,2.4990150054077085,0.06602020212607378,2.0452296421327034,0.0028143379477758505,0.012053584651833711,0.8957440326062299,0.90725596739377,2.474362656783822,2.523667354031595,0.9,0.0014999999999999458
aft_lognormal_nonlinear,Log-Normal AFT (Nonlinear),Nonlinear log-normal accelerated-failure-time DGP; all three working models are misspecified.,0.9,plugin_weibull,Weibull Plug-in,plug-in,Weibull,misspecified,FALSE,2000,0.3,3,0.3,0.7,0.2,0.1,1500,30,2.88329081240232,0.06476508607952944,0.25711904761904764,0.059833333333333336,0.9253888888888889,0.012825705550214063,2.5482537454002716,0.06656108799066113,2.0452296421327034,0.0023416427485904836,0.012152336448190438,0.9205996917281866,0.9301780860495913,2.523399426675263,2.57310806412528,0.9,0.025388888888888905
aft_lognormal_nonlinear,Log-Normal AFT (Nonlinear),Nonlinear log-normal accelerated-failure-time DGP; all three working models are misspecified.,0.99,cp_cox,CP + Cox,conformal,Cox,misspecified,TRUE,2000,0.3,3,0.3,0.7,0.2,0.1,1500,30,6.560159047012063,0.3903176738975677,0.2057857142857143,0.0030952380952380953,0.8977222222222222,0.014519661219920101,6.178547950835861,0.3920132852593581,2.0452296421327034,0.002650915325827739,0.07157150639275262,0.8923004916190554,0.903143952825389,6.032167784429313,6.3249281172424086,0.9,0.002277777777777823
aft_lognormal_nonlinear,Log-Normal AFT (Nonlinear),Nonlinear log-normal accelerated-failure-time DGP; all three working models are misspecified.,0.99,cp_lognormal,CP + Log-Normal,conformal,Log-Normal,misspecified,TRUE,2000,0.3,3,0.3,0.7,0.2,0.1,1500,30,6.560159047012063,0.3903176738975677,0.2057857142857143,0.0030952380952380953,0.9,0.015689760430786664,6.166300465601496,0.38414915537933936,2.0452296421327034,0.0028645452365979427,0.07013571928260706,0.8941413471708799,0.9058586528291201,6.022856813552409,6.309744117650582,0.9,0
aft_lognormal_nonlinear,Log-Normal AFT (Nonlinear),Nonlinear log-normal accelerated-failure-time DGP; all three working models are misspecified.,0.99,cp_weibull,CP + Weibull,conformal,Weibull,misspecified,TRUE,2000,0.3,3,0.3,0.7,0.2,0.1,1500,30,6.560159047012063,0.3903176738975677,0.2057857142857143,0.0030952380952380953,0.8998333333333334,0.015661346614444675,6.168812781942739,0.38717263776597627,2.0452296421327034,0.0028593576072128376,0.07068772911773392,0.893985290397604,0.9056813762690628,6.024240143016103,6.313385420869375,0.9,1.666666666666483e-4
aft_lognormal_nonlinear,Log-Normal AFT (Nonlinear),Nonlinear log-normal accelerated-failure-time DGP; all three working models are misspecified.,0.99,plugin_cox,Cox Plug-in,plug-in,Cox,misspecified,FALSE,2000,0.3,3,0.3,0.7,0.2,0.1,1500,30,6.560159047012063,0.3903176738975677,0.2057857142857143,0.0030952380952380953,0.9093333333333333,0.012614229027029761,6.197839529415191,0.38990642231291506,2.0452296421327034,0.0023030325945468813,0.07118684760563973,0.9046231028041682,0.9140435638624984,6.0522460785621535,6.343432980268228,0.9,0.009333333333333305
aft_lognormal_nonlinear,Log-Normal AFT (Nonlinear),Nonlinear log-normal accelerated-failure-time DGP; all three working models are misspecified.,0.99,plugin_lognormal,Log-Normal Plug-in,plug-in,Log-Normal,misspecified,FALSE,2000,0.3,3,0.3,0.7,0.2,0.1,1500,30,6.560159047012063,0.3903176738975677,0.2057857142857143,0.0030952380952380953,0.9035,0.012688049102928084,6.172787381783074,0.38834934527444276,2.0452296421327034,0.0023165102348022995,0.0709025655330582,0.8987622046014785,0.9082377953985215,6.027775353051607,6.317799410514541,0.9,0.0034999999999999476
aft_lognormal_nonlinear,Log-Normal AFT (Nonlinear),Nonlinear log-normal accelerated-failure-time DGP; all three working models are misspecified.,0.99,plugin_weibull,Weibull Plug-in,plug-in,Weibull,misspecified,FALSE,2000,0.3,3,0.3,0.7,0.2,0.1,1500,30,6.560159047012063,0.3903176738975677,0.2057857142857143,0.0030952380952380953,0.9381111111111111,0.011079072582918363,6.24484892261227,0.39096460206757033,2.0452296421327034,0.0020227526566338042,0.07138004391281307,0.933974117419061,0.9422481048031612,6.098860340945051,6.39083750427949,0.9,0.038111111111111096
